student_id,full_name,programme,batch_year,current_semester,cgpa,active_backlogs
S1001,Aarav Sharma,B.Tech CSE,2023,5,8.42,0
S1002,Bhavya Gupta,B.Tech CSE,2023,5,7.8,0
S1003,Chirag Verma,B.Tech CSE,2023,5,6.95,0
S1004,Deepak Kumar,B.Tech CSE,2023,5,5.8,1
S1005,Esha Singhal,B.Tech CSE,2023,5,7.15,1
S1006,Farhan Ali,B.Tech CSE,2023,5,6.1,2
S1007,Gauri Deshmukh,B.Tech CSE,2023,5,7.0,0
S1008,Harsh Patel,B.Tech ECE,2023,5,8.1,0
S1009,Ishita Saxena,B.Tech ECE,2023,5,7.6,0
S1010,Jai Malhotra,B.Tech ECE,2023,5,6.8,0
S1011,Kavya Mehta,B.Tech CSE,2023,5,6.5,1
S1012,Lakshay Chawla,B.Tech ECE,2023,5,6.65,0
S1013,Manish Bansal,B.Tech CSE,2023,5,6.8,0
S1014,Neha Mittal,B.Tech ECE,2023,5,6.95,0
S1015,Omkar Nair,B.Tech CSE,2023,5,7.1,1
S1016,Pooja Rao,B.Tech ECE,2023,5,7.25,0
S1017,Qasim Kapoor,B.Tech CSE,2023,5,7.4,0
S1018,Rohan Tyagi,B.Tech ECE,2023,5,7.55,0
S1019,Sneha Reddy,B.Tech CSE,2023,5,7.7,1
S1020,Tanmay Sethi,B.Tech ECE,2023,5,7.85,0
S1021,Urvi Mehta,B.Tech CSE,2023,5,8.0,0
S1022,Varun Chawla,B.Tech ECE,2024,3,8.15,0
S1023,Waseem Bansal,B.Tech CSE,2024,3,8.3,1
S1024,Xena Mittal,B.Tech ECE,2024,3,8.45,0
S1025,Yash Nair,B.Tech CSE,2024,3,8.6,0
S1026,Zoya Rao,B.Tech ECE,2024,3,8.75,0
S1027,Aditi Kapoor,B.Tech CSE,2024,3,8.9,1
S1028,Bharat Tyagi,B.Tech ECE,2024,3,9.05,0
S1029,Chetan Reddy,B.Tech CSE,2024,3,9.2,0
S1030,Divya Sethi,B.Tech ECE,2024,3,9.35,0
S1031,Ekta Mehta,B.Tech CSE,2024,3,9.5,1
S1032,Gautam Chawla,B.Tech ECE,2024,3,9.65,0
